tls_id,min,max,mean,std,p95,p99
tls_1,0.0,4.0,0.11254166811704636,0.3503386378288269,1.0,1.0099999904632568
tls_2,0.0,3.0,0.060777775943279266,0.2514965236186981,1.0,1.0
tls_3,0.0,3.0,0.08060416579246521,0.29242077469825745,1.0,1.0
tls_4,0.0,3.0,0.0721111074090004,0.28056490421295166,1.0,1.0
tls_5,0.0,4.0,0.0793749988079071,0.2907932698726654,1.0,1.0
tls_6,0.0,4.0,0.08652777969837189,0.3032218813896179,1.0,1.0
tls_7,0.0,4.0,0.053881943225860596,0.23849834501743317,1.0,1.0
tls_8,0.0,4.0,0.07693055272102356,0.284406840801239,1.0,1.0
