episode,network_reward,avg_intersection_reward,avg_wait_time,tls_1,tls_2,tls_3,tls_4,tls_5,tls_6,tls_7,tls_8
1,-1571.5,-196.4375,0.07936507936507936,-267.5,-125.5,-199.5,-232.0,-179.5,-186.5,-143.5,-237.5
2,-1652.0,-206.5,0.008928571428571428,-291.5,-162.5,-209.5,-198.5,-206.0,-191.5,-159.5,-233.0
3,-1600.0,-200.0,0.04201680672268908,-303.5,-142.5,-177.5,-236.5,-180.0,-204.0,-159.0,-197.0
