episode,network_reward,avg_intersection_reward,avg_wait_time,tls_1,tls_2,tls_3,tls_4,tls_5,tls_6,tls_7,tls_8
1,-1563.0,-195.375,0.036036036036036036,-283.5,-159.0,-208.5,-197.5,-191.5,-226.5,-121.5,-175.0
2,-1440.0,-180.0,0.06956521739130435,-261.0,-126.5,-147.5,-185.5,-237.5,-192.5,-112.5,-177.0
3,-1538.0,-192.25,0.018867924528301886,-292.5,-132.5,-172.5,-185.5,-195.5,-202.0,-169.0,-188.5
