epoch,train_mse,val_mse,val_mae
1,0.08010221419088981,0.07989082290845759,0.13847199660890241
