tls_id,mae_all_lanes,mae_north,mae_south,mae_east,mae_west
tls_1,0.17056792974472046,0.22313204407691956,0.046087536960840225,0.07433632016181946,0.3387157917022705
tls_2,0.11687340587377548,0.1986469030380249,0.045226894319057465,0.08085282146930695,0.14276698231697083
tls_3,0.13557401299476624,0.09490945935249329,0.15265630185604095,0.1523369401693344,0.1423933207988739
tls_4,0.12544874846935272,0.09364253282546997,0.10544539242982864,0.11790352314710617,0.1848035752773285
tls_5,0.13362495601177216,0.1549624502658844,0.05270179361104965,0.13885623216629028,0.1879793107509613
tls_6,0.14655065536499023,0.16783098876476288,0.0522150993347168,0.21312187612056732,0.15303467214107513
tls_7,0.10877685248851776,0.07628700137138367,0.1139627993106842,0.12637904286384583,0.11847862601280212
tls_8,0.1298949122428894,0.04887935519218445,0.15932177007198334,0.2111940234899521,0.10018447041511536
