episode,network_reward,avg_intersection_reward,avg_wait_time,tls_1,tls_2,tls_3,tls_4,tls_5,tls_6,tls_7,tls_8
1,-1860.5,-232.5625,0.03361344537815126,-291.5,-164.5,-248.5,-256.5,-240.5,-221.0,-215.0,-223.0
2,-1452.0,-181.5,0.009345794392523364,-288.5,-150.0,-171.5,-165.0,-229.5,-181.5,-96.0,-170.0
3,-1403.0,-175.375,0.035398230088495575,-200.0,-105.0,-207.5,-169.5,-159.5,-226.5,-139.5,-195.5
