Network_Reward,Group_A_Reward,Group_B_Reward,Sup_A_Loss,Sup_B_Loss,tls_1,tls_2,tls_3,tls_4,tls_5,tls_6,tls_7,tls_8
-3101.5,-1711.5,-1390.0,1.448745377838411,0.7119732512167407,-531.0,-306.5,-493.0,-381.0,-392.5,-395.0,-272.0,-330.5
-2647.5,-1382.0,-1265.5,1.41810982649525,0.8744010374777846,-432.5,-260.5,-353.0,-336.0,-303.5,-315.0,-266.5,-380.5
-2947.5,-1651.5,-1296.0,1.1891255462335215,0.8156458909312884,-454.0,-245.5,-319.5,-632.5,-342.0,-301.5,-320.0,-332.5
-2690.0,-1455.5,-1234.5,1.62135601921214,0.8303433611989022,-301.5,-298.5,-411.5,-444.0,-358.0,-290.5,-263.5,-322.5
-3182.0,-1528.5,-1653.5,1.5202051805953185,0.8390918356676896,-387.0,-379.5,-395.5,-366.5,-467.0,-419.0,-359.5,-408.0
